"","Row.names","Kingdom","Diet","Phylum","Class","Order","Family","Genus","Species","Abeomelomys spMW","Anisomys imitatorFR","Anisomys imitatorMW","Coccymys shawmayeri","Hydromys sp","Hyomys goliath","Leptomys ernstmayri","Lorentzimys highFR","Lorentzimys highMW","Lorentzimys lowFR","Lorentzimys lowMW","Lorentzimys midMW","Macruromys major","Mallomys cf_aroaensis","Mallomys hercules","Mallomys istapantap","Mallomys rothschildi","Melomys low","Melomys midFR","Microhydromys sp","Paramelomys platyopsBAI","Paramelomys platyopsFR","Paramelomys platyopsMW","Paramelomys platyopsWG","Paramelomys rubex_HighFR","Paramelomys rubex_HighMW","Paramelomys rubex_MidFR","Paramelomys rubex_MidMW","Pogonomys cf_sylvestris","Pogonomys loriae","Pogonomys spNorthEastFR","Pogonomys spNorthEastMW","Protochromys fellowsi","Pseudohydromys ellermani","Pseudohydromys fuscus","Rattus exulans","Rattus niobe","Rattus norvegicus","Rattus rattus","Rattus steini","Rattus verecundus","Uromys anak","Uromys cf_caudimaculatus","Uromys sp1"
"1","ATAACGAACAAGACTCAAACCTACTAACTAGACGATCGATTTGGGCGAGCTGTTTCCTGCCTTCGCGGTAGGAGCGGCACTGCCTCCGTTGGTCGATAACTTCTTAGAGGAACAAGCGGCGCTCAGCCGCACGAGATTGA","Eukaryota","Animal","Arthropoda","Chilopoda","Scutigeromorpha",NA,NA,NA,0,0,0,0,0,0,0,0,0,0,0,0,0,0,0,0,0,0,0,0.106679221091434,0,0,0,0,0,0,0,0,0,0,0,0,0,0,0,0,0,0,0,0,0.000636385537943838,0,0,0
"2","ATAACGAACGAGACCTCAACCTGCTAACTAGCTACGCAGAGGACTTCTTCTGTGGCCAGCTTCTTAGAGGGACTATCCGCTACTAGCGGATGGAAGTTTGAG","Eukaryota","Plant","Streptophyta","Lycopodiopsida","Selaginellales",NA,NA,NA,0,0,0,0.00640160815952079,0,0,0,0,0,0,0,0,0,0,0,0,0,0.000235665469295646,0,0,0,0,0.0421608451900434,0,0,0.000696761382129425,0,0.000556192406015234,0,0,0,0,0,0,0,0,9.7996939407484e-05,0,0,0.000137387890492956,0.000872757309180121,0,0,0
"3","ATAACGAACGAGACCTCAGCCTGCTAACTAGCTACGCGGAGGTTCCCCTTCGTGGCCAGCTTCTTAGAGGGACTATGGCCGTTTAGGCCATGGAAGTTTGAG","Eukaryota","Plant","Streptophyta","Pinopsida","Pinales",NA,NA,NA,0,0,0,0,0,0,0,0.0183138665185031,0,0.0193936259616006,0,0,0,0,0,0,0,0.000171393068578652,0,0.0216563827229746,0,0.00657336410332763,0,0,0.0033819538940215,0,0.00206683066348089,0,0,0,0,0,0,0.00111291515165375,0,0,0.00016684687915197,0,0.000134434536706955,0.000247100522469345,0.000105198425660104,0,0.00766732899142657,0
"4","ATAACGAACGAGACCTCAGCCTGCTAACTAGCTATGCGGAGGTATCCCTCCGTGGCCAGCTTCTTAGAGGGACTATGGCCGCTTAGGCCAAGGAAGTTTGAG","Eukaryota","Plant","Streptophyta","Magnoliopsida","Sapindales",NA,NA,NA,0,0.00348702053467648,0,0,0.0371107892831282,0,0.0953722575230788,0.048416197041207,0,0.175634000448715,0.0516802443991853,0.00830211326519478,0,0,0.00206519588444796,0.00274750842663667,0,0.165315756021967,0,0,0,0.0131913943274027,0.0190965594451188,0.0505209826976388,0.0453932104007303,0.000112256000454185,0.0138722472663928,0.0222137502252188,0,0,0.0292204143034998,0.0380678073942782,0,0.00256122939010725,0,0.000178901443869672,0.000468872816200438,0.0103886110042324,0.0813249867937837,0.00744760974722605,0.00102341184469336,0,0.0162637524377231,0.00461544281769001
"5","ATAACGAACGAGACCTCAGCCTGCTAACTAGCTATGTGGAGGTGATCCTCCACGGCCAGCTTCTTAGAGGGACTATGGCCGTTTAGGCCACGGAAGTTTGAG","Eukaryota","Plant","Streptophyta","Magnoliopsida","Laurales",NA,NA,NA,0,0,0,0,0,0,0,0,0,0,0,0,0,0,0,0,0,0,0,0,0,0.00192064319213876,0.0203190480888428,0,0,0,0.00142418286037123,0,0,0,0,0,0,0,0,0.000620247930397212,6.69593235501298e-05,0,0,0.00816123605611752,0,0,0.000183979099974243,0
"6","ATAACGAACGAGACCTCAGCCTGCTAACTAGCTATGTGGATGTACATCTCCACGGCCAGCTTCTTAGAGGGACTATGGCCGCTTAGGCCAAGGAAGTTTGAG","Eukaryota","Plant","Streptophyta","Magnoliopsida","Myrtales",NA,NA,NA,0,0.0075193364616069,0,0.000123107849221554,0.000310334126409434,0,0.0814650521520201,0.000134324075148214,0,0.000969681298080031,0,0,0,0,0,0,0,0,0.00101379121380948,0,0,0.000227052780466017,0,0.0204091387056687,0.0513590907489067,0.0446246633529642,0.0253751721378044,0.00639664787450071,0,0,0.0363423364227417,0,0,0,0,0.000450629108615117,0.00180994990339739,0,0,0.00478979652754578,0.0510257820561357,0,0.00824226367884608,0
"7","ATAACGAACGAGACCTTAACCTACTAAATAGCTATGCTCGCTTTTGCGGGTTGGTAGCTTCTTAGAGGGACTATCGTGCTTAAAGCCGATGGAAGTTTGAG","Eukaryota","Fungi","Ascomycota","Lipomycetes","Lipomycetales",NA,NA,NA,0,0,0,0,0,0,0,0,0,0,0,0,0,0,0,0,0,0,0,0,0,0,0,0,0,0,1.05930956556538e-05,0,0,0,0,0,0,0,0,0,0,0,0,0,0,0,0,0
"8","ATAACGAACGAGACCTTAACCTGCTAAATAGACCGGTCAGCCTTGGCTGGCCGCCGTCTTCTTAGAGGGACTATCGGCTCAAGCCGATGGAAGTTTGAG","Eukaryota","Fungi","Ascomycota","Lecanoromycetes","Peltigerales",NA,NA,NA,0,0,0,0,0,0,0,0,0,0,0,0,0,0,0,0,0,0,0,0,0,0,0,0,0,0,0,0,0,0,0,0,0,0,0,0,1.26041079623774e-06,0,0,0,0,0,0,0
"9","ATAACGAACGAGACCTTAACCTGCTAAATAGCCAGACCGTCTTTTGATGGTTGCAGGCTTCTTAGAGGGACTGTCAGGATCTACCTGACGGAAGTTTGAG","Eukaryota","Fungi","Basidiomycota","Agaricomycetes","Sebacinales",NA,NA,NA,0,0,0,0.000490744987992769,0,0,0,0.000491504002246875,0,0.000616032824662608,0,0,0,0,0,0,0,0.000257089602867977,0.0128687551374555,0,0,0.000729546638874414,0,0,0.000790069901292418,0.000680632646431985,0.00047080425136239,5.22246390624633e-05,0,0,0.000501452483054364,0.0001874701751994,0,0,0.00113624713802413,0.00181770617969469,0.000924038664991791,0.195844555598307,0.00231069244857484,0.000690893060824288,0.000482484137441094,0,0.000873900724877654,0
"10","ATAACGAACGAGACCTTAACCTGCTAAATAGCCAGGCCGGCTTCGGCTGGTCGCCGGCTTCTTAGAGGGACTATCAGCGTCTAGCTGATGGAAGTTTGAG","Eukaryota","Fungi","Basidiomycota","Agaricomycetes","Auriculariales",NA,NA,NA,0.00134453478194172,0,0,0,0,0,0,0.000277806609965625,0.00135683110290248,0.000555190076547782,0,0,0,0,0,0,0,4.28482671446629e-05,0.0690291350808293,0,0,0.000949155065882528,0,0.000382372622120256,0.000821900055589091,2.32253794043142e-05,0.000949847577123621,4.09093005989296e-05,0,0,0.00148490455111357,0.00153952780239507,0,0.00122725574942639,0,0,0.000188273862688012,0,0,8.40141776395772e-05,4.28586178615238e-05,0,0.00010578798248519,0.00168350168350168
"11","ATAACGAACGAGACCTTAACCTGCTAAATAGCCAGGCCGGCTTTGGCTGGTCGCAGGCTTCTTAGAGGGACTGTCAGCGACTAGCTGACGGAAGTTTGAG","Eukaryota","Fungi","Basidiomycota","Dacrymycetes","Dacrymycetales",NA,NA,NA,0,0,0,0,0,0,0,0.00426936861579041,0,0,0,0.00640162950569236,0,0,0,0,0,0.000503467138949789,0,0,0,0.000160053599344897,0,0,0.000312617586842324,0,0.000118878073469003,1.47969810676979e-05,0,0,0,0,0,0,0,0.000186496316486781,2.99347564106462e-05,0,9.80581326568377e-05,0,0.000102600933668496,0,0.00171560510725982,0
"12","ATAACGAACGAGACCTTAACCTGCTAAATAGCCAGGCCGGCTTTTGCTGGTCGCAGGCTTCTTAGAGGGACTATCAGTGTTTAACTGATGGAAGTTTGAG","Eukaryota","Fungi","Basidiomycota","Geminibasidiomycetes","Geminibasidiales",NA,NA,NA,0,0,0,0,0,0,0,0,0,0,0,0,0,0,0,0,0,0,0,0,0,0,0,0,0.000218263915177186,0,0.000138887254151905,0,0,0,0,0,0,0,0,0,1.59126863025014e-05,0,0,0,0,0,0,0
"13","ATAACGAACGAGACCTTAACCTGCTAAATAGCCAGGCCGGCTTTTGCTGGTCGCAGGCTTCTTAGAGGGACTGTCGGCGTTTAGCCGACGGAAGTTTGAG","Eukaryota","Fungi","Basidiomycota","Agaricomycetes","Hymenochaetales",NA,NA,NA,0,0.00251122878011681,0,0,0,0,0.0502038124925069,0.00067619960557567,0.232116140615166,0.00147923931354169,0,0,0,0,0,0.00220933667296557,0,0.00781623806497226,0.000538861996529363,0,0,0.00105709819102211,0.000120104147453578,0,0.00158013980258484,0.0011764299817713,0.00165840797542402,0.00129778228070221,0,0,0.0411644937059068,0.000241438861999227,0.00239065206254726,0.000952838314772043,0.00115333356115231,0.000113079214521396,0.000737655418498135,0.00923432089265102,0.000999560319985829,0.000955784820911425,0.000935746489976603,0,0.000289767082459433,0.00336700336700337
"14","ATAACGAACGAGACCTTAACCTGCTAAATAGCCAGGCCGGCTTTTGCTGGTCGCCGGCTTCTTAGAGGGACTGTCAGCGTCTAGCTGACGGAAGTTTGAG","Eukaryota","Fungi","Basidiomycota","Agaricomycetes","Agaricales",NA,NA,NA,0.00244542903292757,0.467074203222983,0.0569375345494748,0.0140663365802326,0.00284472949208648,0.0218753058627777,0.152889341805539,0.0702911779610827,0.0233189223768792,0.214550543211661,0.0226820870914557,0.0226148474157058,0,0.0335813616475769,0.0155693510091017,0.0206488004434859,0.00321091005934405,0.0808475387241214,0.624084391268609,0.00510858241846302,0.0586295999287178,0.0984180748901958,0.0254878158631842,0.014171685307332,0.0905295059846374,0.372008643712035,0.0494120831911112,0.0369663403497136,0.0329630741519063,0.00158015757985245,0.0270071067920874,0.00880541731997182,0.192520674261459,0.113685045012082,0.0181970406315142,0.0664593547733774,0.43839592559606,0.112350904193921,0.0523108506068533,0.13533399095019,0.703895653551713,0.0191847769574711,0.0609798726864628,0.476241818938448
"15","ATAACGAACGAGACCTTAACCTGCTAAATAGCCAGGCTAGCCTTGGCTGGTCGCCGGCTTCTTAGAGGGACTATCGGCTCAAGCCGATGGAAGTTTGAG","Eukaryota","Fungi","Ascomycota","Leotiomycetes","Erysiphales",NA,NA,NA,0,0,0,0,0,0,0,0,0,0,0,0,0,0,0,0,0,0,0,0,0,0,0,0,0,0,0.000151834371064371,0,0,0,0,0,0,0,0,0,0,0,0,0,0,0,0,0
"16","ATAACGAACGAGACCTTAACCTGCTAAATAGCCAGGCTAGCTTTGGCTGGTCGCCGGCTTCTTAGAGGGACTATCGGCTCAAGCCGATGGAAGTTTGAG","Eukaryota","Fungi","Ascomycota","Leotiomycetes","Helotiales",NA,NA,NA,0,0,0,0,0,0,0.000809255484953842,0.000331230958035938,0,0.00084799580185038,0,0,0,0,0,0,0,0.000174963757507373,0,0,0,0.00117248566961959,0,0.00023898288882516,0.000952631046450426,0,0.00113816927766858,0,0,0,0.0001426545856965,0,0,0.000617439227972284,0.000504049482281379,6.49783546130412e-05,0.000113909625709985,0,4.2702735189268e-05,0.000109712631976389,0.000192214407378955,0,0.000206976487471023,0
"17","ATAACGAACGAGACCTTAACCTGCTAAATAGCCAGGCTTACTTTGGTAGGTCGCCGGCTTCTTAGAGGGACTATCGGCTCAAGCCGATGGAAGTTTGAG","Eukaryota","Fungi","Ascomycota","Lecanoromycetes","Ostropales",NA,NA,NA,0,0,0,0,0,0,0,0,0,0,0,0,0,0,0,0,0,0,0,0,0,0,0,0,0,0,0,0,0,0,0,0,0,0,0,0,4.09633508777264e-06,0,0,0,0,0,0,0
"18","ATAACGAACGAGACCTTAACCTGCTAAATAGCCAGGTCAGCTTCGGCTGGCCGCCGGCTTCTTAGAGGGACTATCGGCTCAAGCCGATGGAAGTTTGAG","Eukaryota","Fungi","Ascomycota","Lecanoromycetes","Lecanorales",NA,NA,NA,0,0,0,0,0,0,0,0,0,0,0,0,0,0,0,0,0,0,0,0,0,0,0,0,0,0,2.47172231965255e-05,0,0,0,0,0,0,0,0,0,0,0,0,0,0,0,0,0
"19","ATAACGAACGAGACCTTAACCTGCTAAATAGCCCAGCCGGCTTTTGCTGGTTGCTGGCTTCTTAGAGGGACTGTCTGTGTCTAACAGACGGAAGTTTGAG","Eukaryota","Fungi","Basidiomycota","Agaricomycetes","Gloeophyllales",NA,NA,NA,0,0,0,0,0,0,0.00296727011149742,0,0,0,0,0,0,0,0,0,0,0,0,0,0,0.00142187151045932,0.000802124127636393,0,8.18489681914447e-05,0,0,2.69827301822727e-05,0,0,0.000183721814912159,0,0,0,0,0,0.000115170036506223,0,5.85185630371451e-05,0.000128492271684059,0.00035325891085862,0,0.00015178275747875,0
"20","ATAACGAACGAGACCTTAACCTGCTAAATAGCCCGGCCGGCCGCGGTCGGTCGCCGGCTTCTTAGAGGGACGATCGGCGCAAGCCGATGGAAGTTTGAG","Eukaryota","Fungi","Ascomycota","Lichinomycetes","Lichinales",NA,NA,NA,0,0,0,0,0,0,0,1.83169193383929e-05,0,0,0,0,0,0,0,0,0,0,0,0,0,0,0,0,0,0,0,0,0,0,0,0,0,0,0,0,0,0,0,0,0,0,0,0
"21","ATAACGAACGAGACCTTAACCTGCTAAATAGCCCGGTCAGCTTTGGCTGGCCGCCGGCTTCTTAGAGGGACTATCGGCTCAAGCCGATGGAAGTTTGAG","Eukaryota","Fungi","Ascomycota","Lecanoromycetes","Teloschistales",NA,NA,NA,0,0,0,0,0,0,0,0,0,0,0,0,0,0,0,0,0,0,0,0,0,0,0,0,0,0,0,0,0,0,3.67443629824319e-05,0,0,0,0,0,0,0,0,0,0,0,0,0
"22","ATAACGAACGAGACCTTAACCTGCTAAATAGCCCGGTTTGCTTTGGCAGATCGCTGGCTTCTTAGAGGGACTATCGGCTCAAGCCGATGGAAGTTTGAG","Eukaryota","Fungi","Ascomycota","Leotiomycetes","Chaetomellales",NA,NA,NA,0,0,0,0,0,0,0,0,0,0,0,0,0,0,0,0,0,0,0,0,0,0,0,0,4.43348577703659e-05,0,0,0,0,0,0,0,0,0,0,0,0,0,0,0,0,0,0,0
"23","ATAACGAACGAGACCTTAACCTGCTAAATAGCCTGGCCGGCTCTTGCTGGTCACCGGCTTCTTAGAGGGACTGTCGGCGTCTAGCCGACGGAAGTTTGAG","Eukaryota","Fungi","Basidiomycota","Agaricomycetes","Russulales",NA,NA,NA,0.0171631218473366,0,0,0.000151776800410135,0.000905141202027516,0,0.000899172761059825,0.000978428774659153,0,0,0,0,0,0,0,0.00441867334593114,0,0.000267801669654143,0,0,0,0.000562048686071615,0,0.00305898097696205,0.00225539379016425,0.00461217326004006,0.023451936770989,0.00986175267629515,0,0,0,0.000184629717999409,0.00983094674700559,0,0.000136691385025459,0.00105737504324858,0.0112282120269343,0,0.000529830232903881,0.0678320586241048,0.0276282235687332,0,0.00172480406225853,0.00304543562970529
"24","ATAACGAACGAGACCTTAACCTGCTAAATAGTCAGGCCGGCTTTTGCTGGTCGCAGACTTCTTAGAGGGACTGTCAGCGTCTAGCTGACGGAAGTTTGAG","Eukaryota","Fungi","Basidiomycota","Agaricomycetes","Cantharellales",NA,NA,NA,0.000315830317905774,0,0,0.000244529289549661,0.00173269887245267,0,0.0197818007433162,0.00123791846528639,0,0.000684480916291787,0,0.0164769213981741,0,0.00117047069643006,0,0.000639331857744615,0.00181901321045782,0.00433838704839712,0.00086765914695406,0.00210353393701418,0,0.00185364401101764,0.00303691915704046,0,0.00688554444910529,0.00273672387314169,0.00164310683725474,0.00242061202054517,0,0,0.000966160603126297,0.000551048696798237,0,0.00146355965148986,0.00786829785052797,0.00638053687310656,0.000547963593664356,0,0.00279465678071987,0.000766011619654969,0.00115328644427373,0,0.00233193509217353,0.000113494495516967
"25","ATAACGAACGAGACCTTAACCTGCTAAATAGTCAGGCCGGCTTTTGCTGGTCGCCGACTTCTTAGAGGGACTGTCAGTGTTTAACTGACGGAAGTTTGAG","Eukaryota","Fungi","Basidiomycota","Agaricomycetes","Corticiales",NA,NA,NA,0,0,0,0.000910660802460808,0,0,0,9.92166464162947e-05,0.00218743873623822,0.00258201412312291,0,0,0,0,0,0,0,0.00362424926265274,0,0,0,0.00121342961363806,0,0,0.00204054024866171,0.000248705104454531,0.000442555996280646,0.000408222595338255,0,0,0.00522850670908839,0.00100268139159679,0,0.00062506193449046,0,0.0164783419549202,0.000159914619772663,0.00577145055790689,0.0069589642530659,0.000220413666042655,0.000135718956561492,0,0.000685322147404055,0
"26","ATAACGAACGAGACCTTAACCTGCTAAATAGTCAGGCCGGCTTTTGCTGGTCGTTGGCTTCTTAGAGGGACTGTCGGCGTCTAGCCGACGGAAGTTTGAG","Eukaryota","Fungi","Basidiomycota","Agaricomycetes","Amylocorticiales",NA,NA,NA,0,0,0,0,0,0,0,0,0,0,0,0,0,0,0,0,0,0,0,0,0,0,0,0,0,0,0,0,0,0,0,0,0,0,0,0,1.02408377194316e-05,0,0,0,0,0,0,0
"27","ATAACGAACGAGACCTTAACCTGCTAAATAGTCGGACTGGCTTTGGCTGGTCATAGGCTTCTTAGAGGGACTGTCGACGTCTAGTCGACGGAAGTTTGAG","Eukaryota","Fungi","Basidiomycota","Agaricomycetes","Boletales",NA,NA,NA,0,0,0,0,0,0,0.00224793190264956,0.000457922983459822,0,0.00114460419891015,0,0,0,0,0,0,0,0,0,0,0,0,0,0.00152949048848102,0.000446758951378303,0.00115191430351119,0.000389590518002378,0.00103578867473886,0,0,0,0.000221555661599291,0.79140341033835,0.000274417434654348,0.000598024809486382,0.00306410916363575,0.00780257303410971,0,0.0125878173841253,0,0.00267281925936412,0,0.000179379622474887,0
"28","ATAACGAACGAGACCTTAACCTGCTTAATAGCCAGGCCGGCTTTTGCTGGTCGCCGGCTTCTTAGAGGGACTGTCTGCGTCTAGCAGACGGAAGTTTGAG","Eukaryota","Fungi","Basidiomycota","Agaricomycetes","Polyporales",NA,NA,NA,0.0744005991752317,0.0157131172241595,0,0.00141658347049459,0.00258611772007862,0.0213369873739845,0.165717539863326,0.1080454015374,0.108402034730749,0.0753043088073681,0.0333139365725924,0.774888153348125,0,0,0.00269588444796201,0.00468168961652228,0.00659266666331673,0.115875997114883,0.00263951045757603,0.012981809439859,0.114497015058362,0.0676691729323308,0.0432074670464245,0.0564477583405028,0.0487933529543499,0.00145126363805569,0.0329374654253128,0.0101811933852272,0.00272590813569499,0.00351993722960235,0.0212447261031955,0.0167643783943464,0,0.0123564072659639,0.00743259406075932,0.0350807166184252,0.00690437279044079,0.073489803770681,0.0908429519926361,0.0105264822571941,0.0067852984550767,0,0.0237057070316812,0.000775545719365944
"29","ATAACGAACGAGACCTTATCCTGCTAAATAGCCAGGCCGGCTTTTGCCGGTCGCCGGCTTCTTAGAGGGACTGCGGTTGCGTCTAGCCCGCGGAAGTTTGAG","Eukaryota","Fungi","Basidiomycota","Agaricomycetes","Thelephorales",NA,NA,NA,0,0,0,0,0,0,0.00557487111857091,0,0,0,0,0,0,0,0,0,0,0,0,0,0,0.000145164892429093,0.00172864183656399,0,0.00043425424790461,0.000948692233723444,0.00019891479620061,0.000109671742031173,0,0,0,0,0,0,0,1.18142462932802e-05,0.000792955942183066,0,0,0.000319253875030393,0.00234293777642997,0,0.000289767082459433,0
"30","ATAACGAACGAGACCTTCACGTGCTAAATAGCCGGACGGGCCTCGGCCCGTCCCAGGCTTCTTAGACGGACTATCGGCGTCTAGCCGATGGAAGTTGGAG","Eukaryota","Fungi","Basidiomycota","Agaricomycetes","Phallales",NA,NA,NA,0,0,0,0,0.0013189200372401,0,0.00386644287255725,4.42658884011161e-05,0,0,0,0,0,0,0,0,0,0.000410629226803019,0,0,0,0.00218491773989429,0,0,8.52593418660883e-05,4.41927358109867e-05,0.000256588316992502,0.00138047129255111,0,0,0,0,0,0,0,0.00489025409068278,0.000513774950816407,0.0173143516737207,0.00287057275438968,0.0207999335793796,0.000487679121424309,0,0.000837104904882805,0
"31","ATAACGAACGAGACCTTCACGTGCTAACTAGCCCAGCCGGCTTTGGCTGGCTGCTGGCTTCTTAGACGGACTATCAGCGACTAGCTGATGGAAGTTGGAG","Eukaryota","Fungi","Basidiomycota","Agaricomycetes","Geastrales",NA,NA,NA,0,0,0,0,0,0,0.000839227910322503,0,0,0,0,0,0,0,0,0,0,0.00131044283684094,0,0,0,0.2102210972977,0,0.000167288022177612,0.0128832549515784,0.0381260731657515,0.000848624663080708,0.000810352316119222,0,0,0,0,0,0,0,0.000416874119205745,0.0385023987980723,0,0.00408048358475228,0.00032814949383929,0,0,0.00038635610994591,0
"32","ATAACGAACGAGACCTTCCCGTGCTAAATAGCCCGTCCGGCTCCGGCCGGTCGCTGGCTTCTTAGACGGACTATCGGCATCTAGCCGATGGAAGTTGGAG","Eukaryota","Fungi","Basidiomycota","Agaricomycetes","Gomphales",NA,NA,NA,0,0.0571268672779715,0,0,0,0,0.00104903488790313,0,0,0.000136896183258357,0,0.0177681591677882,0,0,0,0,0,0.0102443065365032,0,0,0,0.00341323606044815,0.00113669996697136,0,0.00342856233424163,0.00422734162629913,0.0729158084297501,2.87235514843548e-05,0,0.061811405468435,0,0,0,0.00106717891254469,0,7.76364756415558e-05,6.44385019576543e-05,0,0.000286266484046574,0.000246112120379467,0.000570798865155749,0,0.271654340066968,0
"33","ATAACGAACGAGACCTTTACCTACTTAAATACTGTGTTATTTTTAAAATAAGATAATTTTAATAGTTTTTTTTAATAATATTATTTTTTATATATATATTATAATGGTATGTATATGAATTTTAAATTTGAAAGGAAGTATTTTAAATTTATTAGGATATATACAGTACTTAGAGGGACAGCCCACGATTAGTGGGAGGAAGTATGAG","Eukaryota","Animal","Arthropoda","Insecta","Neuroptera",NA,NA,NA,0,0,0,0,0,0,0,0,0,0,0,0,0,0,0,0,0,0,0,0,0,0,0,0,0,0,0,0,0,0,0,0,0,0.000266794728136172,0,0,0,0,0,0,0,0,0,0
"34","ATAACGAACGAGACTCAAATTTCTTAACTAGATGCCAGCAGGATTATGATGTTGAAACTTTGCATACGCTTTGTTCTTTCGGGTATAGAGTTGTGGTGTAAAATGGAGTCATACCTGGTGGTTTGTCCGAACAAGACACTTGCTTCTTAAATGGACAAATTGCGTCTAGCAATACCGAGATTGA","Eukaryota","Animal","Arthropoda","Insecta","Diptera",NA,NA,NA,0,0,0,0,0,0,0,0.000224382261895313,0,0.00019013358785883,0,0.000872949478048958,0,0,0,9.30672957476339e-05,0,0,0.000319663896246233,0,0,0,0,0,0.00177112072836487,0.00130223412021134,3.76643401089912e-05,0.0037610444231484,0,0,0,0.00266718931079146,0,0.000190567662954409,0,0.00485903072547911,0.0275984274484701,0,0.000858799452139723,1.08724229886512e-05,7.8574132746127e-05,0,0.100779151488391,0
"35","ATAACGAACGAGACTCCTCCATGCTAACTAGTTACGCGACCCCCGGCGGTCCGCGTCCAACTTCTTAGAGGGACAAGTGGCGTTCAGCCACACGAGATCGA","Eukaryota","Animal","Chordata","Amphibia","Anura",NA,NA,NA,0,0,0,0,0.000982724733629875,0,0.0152559645126484,0,0,0.00033463511463154,0,0,0,0,0,0,0,0.00121760492469417,0,0,0,0,0,0,0,0,0.00140888172220195,0.000145358578723856,0,0,0.00202742426338359,0,0,0.047634293032084,0.136358199774459,0,5.04164318495095e-06,0,0,0,0.000119484631613945,0,0,0
"36","ATAACGAACGAGACTCTAACCTGCTAACTAGCCGTTTCCAACATCATATGCTGTTGGCGGTTTTAAAATCTTCTTAGAGGGACAGGCGGCTTCTAGCCGCACGAGATTGA","Eukaryota","Animal","Arthropoda","Insecta","Dermaptera",NA,NA,NA,0,0,0,0,0,0,0.000329696679055269,0,0,0,0,0.000100025461026443,0,0,0,0,0,0,0,0,0,6.32770043921685e-05,0,0,0.000136414946985741,2.61285518298535e-05,0,0,0,0,0,0,0,0,0.0284488945084236,0,9.64214259121869e-05,0,0,7.90721671901903e-06,0.0001038996796643,0,0,0
"37","ATAACGAACGAGACTCTAGCCTACTAAATAGACGAGCGATTAACCAAGTCGCTCGGACTTCTTAGAGGGACAGGCGGCTTACAGCCGCACGAGACAGA","Eukaryota","Animal","Arthropoda","Arachnida","Scorpiones",NA,NA,NA,0,0,0,0,0,0,0,0,0,0,0,0,0,0,0,0,0,0,0,0.160770093757513,0,0,0,0,0,0,0,0,0,0,0,0,0,0,0,0,0,0,0,0,0,0,0,0
"38","ATAACGAACGAGACTCTAGCCTACTAAATAGACGTTCCGATCACTTTCGTCGGACGTTCTTCTTAGAGGGACAAGCGGCATTTAGCCGCACGAGACAGA","Eukaryota","Animal","Arthropoda","Arachnida","Araneae",NA,NA,NA,0,0,0,0.000291748738566148,0.00183614358125582,0,0,7.47940872984376e-05,0,0,0,0,0,0,0,0,0,0,0,0.217445308117638,0,0,0.00104662185638118,0,0.00446531593133326,0.000427088921268222,0.00118054166029119,0.000350775492369545,0.00749324527169018,0,0,0,0,0.389581284730957,0.0764788299217442,2.86917409979663e-05,0.0045149490234731,0,0,0.00599169346883667,0.00216436020200695,0,0,0
"39","ATAACGAACGAGACTCTAGCCTACTAAATAGCGGACCGATCCCTTTTGTCGGTCGATCTTCTTAGAGGGACAAGCGGCGTTTAGCCGCACGAGACAGA","Eukaryota","Animal","Arthropoda","Arachnida","Amblypygi",NA,NA,NA,0,0,0,0,0,0,0,0,0,0,0,0,0,0,0,0,0,0,0,0.00855437134385768,0,0,0,0,0,0,0,0,0,0,0,0,0,0,0,0,0,0,0,0,0,0,0,0
"40","ATAACGAACGAGACTCTAGCCTACTAAATAGTTCACCGATCCCTACGCGTCGGTGTAACTTCTTAGAGGGACAAGTGGCGTTTAGCCACACGAGATTGA","Eukaryota","Animal","Mollusca","Gastropoda","Cycloneritida",NA,NA,NA,0,0,0,0,0,0,0,0,0,0,0,0,0,0,0,0,0,0,0,0,0,0,0,0,0,0,0,0,0,0,0,0,0,0,0,0,7.97209828620369e-05,0,0,0,0,0,0,0
"41","ATAACGAACGAGACTCTAGCCTATTAAATAGTTCGCCGGTCCCTCGATGCGCCGGCGCAACTTCTTAGAGGGACGAGTGGCGTTTAGCCACACGAGATTGA","Eukaryota","Animal","Mollusca","Gastropoda","Systellommatophora",NA,NA,NA,0.000270711701062092,0,0,0,0,0,0,0,0,0,0,0,0,0,0,0,0,0.0263516842939677,0,0,0,0,0.000240208294907155,0,0.00344334062016508,2.87091495414439e-05,0.00109108885253234,0,0,0,0,0,0,0,0,0,0.00147420797754956,0,0,0.00102892657556235,0.000559759524191417,0,0,0
"42","ATAACGAACGAGACTCTAGCCTGCTAAATAGACGACCGATCCCGGGGTGCCGGTGCCCTCTTCGGGGGGAACGGTGTTGCCTCTGTCGGTTGATCGCTTCTTAGAGGGACAAGCGGCGCTCAGCCGCACGAGATTGA","Eukaryota","Animal","Arthropoda","Chilopoda","Lithobiomorpha",NA,NA,NA,0,0,0,0,0,0,0.000479558805898573,0,0,0,0,0.000663805332266395,0,0,0,0,0,0,0,0,0,0,0,0,8.07121769665636e-05,6.64503910734545e-05,0,0,0,0,0,0,0,0,0,0,4.75805075579746e-05,0,0,0,0.000125978361592964,0,0,0
"43","ATAACGAACGAGACTCTAGCCTGCTAAATAGACGACTGATCTCGGGGTGCTGGATCTATTCCTCCGCGGGTAGCCAGTGTTAGCCTCTGTCAGTTGATCTCTTCTTAGAGGGACAAGCGGCGCTCAGCCGCACGAGATTGA","Eukaryota","Animal","Arthropoda","Chilopoda","Geophilomorpha",NA,NA,NA,0,0,0,0,0,0,0,1.22112795589286e-05,0,0.000300411068816951,0,0.00115483941366893,0,0,0,0,0,0,0,0.005148649731549,0,5.95548276632174e-05,0,0,0.00537702249368797,0,0.00010828497781335,0,0,0,0,0,0,0.0890560802518542,0,0,0.000219311478545366,0,0,0,7.27297757650101e-05,0,0,0
"44","ATAACGAACGAGACTCTAGCCTGCTAAATAGACGGTTGATTCTCTGAATCGTCATACCGTTCTTCTTAGAGGGACAAGCGGCGTTTAGCCGCACGAAATTGA","Eukaryota","Animal","Arthropoda","Diplopoda","Polydesmida",NA,NA,NA,0,0,0,0,0,0,0.00149862126843304,0,0,0,0,0,0,0,0,0,9.54730690571783e-05,0,0,0,0,0,0,0,0,1.12901149882083e-05,0,0,0,0,0,0,0,0.00772942440943081,0,0,0.015515499350337,0,0,0.000700777081723062,0.000838340540291322,0,0,0
"45","ATAACGAACGAGACTCTAGCCTGCTAAATAGACGTCCGATCTCGGGGTGCCGGTGCCTCCTAAACCCCCCCTTCTTCGATGGAGTGGGGGGCGGGGGAACGGCTTTGCCTCTGTCGGATGATCGCTTCTTAGAGGGACAAGCGGCGCTCAGCCGCACGAGATTGA","Eukaryota","Animal","Arthropoda","Chilopoda","Scolopendromorpha",NA,NA,NA,0,0,0,0,0,0,0,0,0,0,0,0,0,0,0,0,0,0,0,0,0,0,0,0,0,0,6.70896058191405e-05,0,0,0,0,0,0,0,0.104876465160783,0.000122361836608974,0.000107292469029737,0,0,0,0.000119484631613945,0,0.000308164992456857,0
"46","ATAACGAACGAGACTCTAGCCTGCTAAATAGGCGTACCTTTTGGTATCTCGAAGGCCCCCGGCTTCGGTCGGGTGGTTTTTACTACCGACGTACTAACAAATCTTCTTAGAGGGACAGGCGGCGTCTAGCCGCACGAGATTGA","Eukaryota","Animal","Arthropoda","Insecta","Hymenoptera",NA,NA,NA,0,0,0,0,0,0,0,0,0,0,0,0,0,0,0,0,0,0,0,0,0,0,0,0,0.00172451228814475,6.93535634989937e-05,0.000921599322041878,0.00171819062515504,0,0,7.7811592198091e-05,1.70427431999455e-05,0,0,0,6.24467304073383e-05,4.47445832664397e-05,0,0,6.62229400217844e-05,1.81824439412525e-05,0,0.00121886153732936,0
"47","ATAACGAACGAGACTCTAGCCTGCTAAATAGGCGTTACTCGACATCCCAAATGCCCGTCGGTCGTTTCGGATTTCGGTACTTCGTGTGCCGGATTCGTGCGTGCCGTACGCGGTTTTTACTGTCGGCGTACAAACAATTCTTCTTAGAGGGACAGGCGGCTTCTAGCCGCACGAGATTGA","Eukaryota","Animal","Arthropoda","Insecta","Coleoptera",NA,NA,NA,0,0,0,0,0,0,0.000779283059585182,0.00148519687635469,0.00513841740871055,0,0,0.000554686647510275,0,0,0,0,0,0.00116761527969206,0.000968124942917161,0,0,7.44435345790218e-05,0,0,0.00322848707866254,0.000515151818176246,0.00938665976153765,0.00180871333286331,0,0,0,0,0,0.00163888190140791,0.0571113693059495,9.02945966700703e-05,0.00137747144893832,0,0,0.000260938151727628,0.000651970489893483,0,0,0
"48","ATAACGAACGAGACTCTAGCCTGCTAAATAGTTCGCCGATGGCCGTCCGTCGGCGCTAACTTCTTAGAGGGACAAGTGGCGTTCAGTCACACGAGATTGA","Eukaryota","Animal","Annelida","Clitellata","Crassiclitellata",NA,NA,NA,0,0,0,0,0,0,0.0379750629420933,0.000259489690627232,0,0.00690945458278987,0,0,0,0,0,0,0,0.00211027715687465,0,0,0,0,0,0.0361820093681292,0.000909432979904942,0.00582086071320624,0.000154188392321183,0,0.00147703392374662,0,0.00181560381795546,0,0,0.00673847256206789,0,0.00141433405625269,0.0419874346496696,0,0,0.154970575269784,0.0177850276665366,0,9.19895499871215e-05,0.000245904740286763
"49","ATAACGAACGAGACTCTAGCCTGCTAACTAGTCGCTTCCTGTATCCTTTGTGCTGCAGGCGACATCTAATCTTCTTAGAGGGACAGGCGGCTTCTAGCCGCACGAGATTGA","Eukaryota","Animal","Arthropoda","Insecta","Blattodea",NA,NA,NA,0,0,0,0,0,0,0,6.10563977946429e-05,0,0,0,0.000691085003455425,0,0,0,0,0,0,0,0.303690199535219,0,0,0,0,4.43348577703659e-05,0,0.00385470980802957,0.000756386855754676,0,0,0,0,0,0.00769131087683993,0,0.000946827452932887,2.36327024294576e-06,0,0,0,0,0,0,0
"50","ATAACGAACGAGACTCTAGCCTGTTAACTAGGCGACGATCCGCCTTCGCGCGGGTTTTCCGGCATGGAGCGATTTTCATTTTTCAAACACTGCCGGCGACTTGATTTCTTCTTAGAGGGACAAGCGGCTTCTAGCCGCACGAGATTGA","Eukaryota","Animal","Arthropoda","Insecta","Phthiraptera",NA,NA,NA,0,0,0,0,0,0,0.0349478479798585,0,0,0,0,0,0,0,0,0,0,0,0,0,0,0,0,0,0,0,0,0,0,0,0,0.000355057149998864,0,0,0,0,0.00551618784973446,0,0,0,0,0,0,0
"51","ATAACGAACGAGACTCTAGCCTGTTAACTAGTCGCATCCGGTATCCATTCGTGCTACCGGCGGCAACATATCTTCTTAGAGGGACAGGCGGCTTCTAGCCGCACGAGATTGA","Eukaryota","Animal","Arthropoda","Insecta","Orthoptera",NA,NA,NA,0,0,0,0.00033222255200885,0.00343953656770456,0,0.0318007433161491,0.000518979381254465,0,0.000570400763576489,0,0.00232786527479722,0,0,0,0,0,0.0177998843096787,0.026979632843182,0,0,0.00775329412640512,0.000853597333687927,0,0.0298066659163845,0.00101482005008295,0.0188180459269547,0.00337371168343513,0,0,0,0,0,0.00202763993383491,0.0167532378771828,0.00118901950194513,0.0030876913480834,0,0,0.000117619848695408,0.00514822912736607,0,0.000377157154947198,0.00157000718798472
"52","ATAACGAACGAGACTCTATCCTACTAAATAGGCGACCGATCACTTGTGTCGGTCGTCCTTCTTAGAGGGACAAGCGGCGTTTAGCCGCACGAGACAGA","Eukaryota","Animal","Arthropoda","Arachnida","Opiliones",NA,NA,NA,0,0,0,0,0,0,0,0,0,0.00279876641328197,0,0,0,0,0,0,0,0,0,0,0,7.07213578500707e-05,0,0,0.00836223625022594,0,0.00250585562787632,4.17797112499706e-05,0,0,0.000181560381795546,0,0,0,0,3.6286613615075e-05,0.000652735241101618,0,0,0,9.09122197062626e-05,0,0,0
"53","ATAACGAACGAGACTCTGCCCTGCTAACTAGTCGCTAACTGACCAGTATCTTTGCTACTGGCGAACGTGTATCTTCTTAGAGGGACAAGTGGCGTCTAGCCGCACGAGAATGA","Eukaryota","Animal","Arthropoda","Insecta","Psocoptera",NA,NA,NA,0,0,0,0,0,0,0,0,0,0,0,0,0,0,0,0,0,0,0,0,0,0,0,0,0,0,0,0,0,0,0,0,0,0,0,0,0,0,0,0.00490741637624119,6.49372997901876e-05,0,0,0
"54","ATAACGAACGAGACTCTGGCATGCTAACTAGTTACGCGACCCCCGAGCGGTCGGCGTGCAACTTCTTAGAGGGACAAGTGGCGTTCAGCCACCCGAGATTGA","Eukaryota","Animal","Chordata","Lepidosauria","Squamata",NA,NA,NA,0,0,0,0,0,0,0,0,0,0,0,0,0,0,0,0,0,0,0,0,0,0,0,0,0,0,0.00286013582702652,0,0,0,0,0,0,0,0,0,0,0,0,0,0,0,0,0
"55","ATAACGAACGAGACTCTGGCCTACTAAATAGAATGTCGATTGCCCGGTCGACAGGCTCTTCTTAGAGGGACAGGCGGCTTTCAGCCGCATGAAAAAGA","Eukaryota","Animal","Arthropoda","Diplopoda","Spirobolida",NA,NA,NA,0,0,0,0,0.00274128478328333,0,0,0,0,0,0,0,0,0,0,0,0,0,0,0,0,0,0,0,0,0,0,0,0,0,0,0,0,0,0,0,0,0,0,0,0,0,0,0
"56","ATAACGAACGAGACTCTGGCCTACTAAATAGACATTGGATCATTTATGGTCCTTTGCAGCTTCTTAGAGGGACGGGCGGCTTATAGCCGCACGAGAATGA","Eukaryota","Animal","Arthropoda","Collembola","Symphypleona",NA,NA,NA,0,0,0,0,0,0,0,0,0,0,0,0,0,0,0,0,0,0,0,0,0,0,0,0,0,0,0,8.26890118489002e-05,0,0,0,0,0,0,0,7.00416030244471e-05,0.00206187451129541,0,0,0,0,0,0,0
"57","ATAACGAACGAGACTCTGGCCTACTAACTAGACGTCAGATCCTTTATGGGTCTGTCGTAGCTTCTTAGAGGGACGGGCGGCGTTTAGCCGCACGAGAATGA","Eukaryota","Animal","Arthropoda","Collembola","Poduromorpha",NA,NA,NA,0,0,0,0,0,0,0,0,0,0.00104953740498074,0,0,0,0,0,0,0,0,0,0,0,0,0,0,0,0,0,0,0,0,0,0,0,0,0,0,2.97772050611165e-05,0,0,0,0,0,0,0
"58","ATAACGAACGAGACTCTGGCCTACTAACTAGACGTTGGATCCCTTGTGGGTCCAACGCAGCTTCTTAGAGGGACGGGCGGCGTTTAGCCGCACGAGATTGA","Eukaryota","Animal","Arthropoda","Collembola","Entomobryomorpha",NA,NA,NA,0,0,0,0,0,0,0,0,0,0,0,0,0,0,0,0,0,0,0,0,0,0,0,0,0.000273966685196364,0,0,0,0,0,0,2.55641147999182e-05,0,0,0,3.45988641446064e-05,1.22890052633179e-05,0,0,0,1.42862059538413e-05,0,5.97932074916289e-05,0.00261037339689025
"59","ATAACGAACGAGACTCTGGCCTACTAACTAGTCGACGGATCTCCAGCAATTGGTGTCCAGTTCGCAGCTTCTTCTTAGAGGGATAAGCGGCAACTTTAGCCGCACGAGATTGA","Eukaryota","Animal","Arthropoda","Malacostraca","Decapoda",NA,NA,NA,0,0,0,0,0.526404261922003,0,0,0,0,0,0,0,0,0.0017557060446451,0,0.00237523924364613,0,0,0,0,0,0,0,0.00802982506452538,0.000139825320660385,0,0,0,0,0,0,0,0,0,0,0,0,0,0,0,0,0,0,0.00750955245337268
"60","ATAACGAACGAGACTCTGGCCTGCTAACTAGTCGCTTCCGGTATCCCTTCGTGCTACCGGCGACAAATGATCTTCTTAGAGGGACAGGCGGCTTCTAGCCGCACGAGATTGA","Eukaryota","Animal","Arthropoda","Insecta","Phasmatodea",NA,NA,NA,0,0,0,0,0,0,0,0,0,0,0,0,0,0,0,0,0,0,0,0,0,0,0,0,0.00300567599858583,0.00678245593548764,0,0.0442394917498126,0,0,0,0,0,5.33589456272344e-05,0.0167532378771828,2.44723673217948e-05,0.00122527684529261,0,0,0.000119596652875163,0.00222994687479504,0,0,0
"61","ATAACGAGCGAGACTCTAGCCTGCTAAATAGGCGTACTTTCCGGTATCTCGAAGGCCCGCCGGCTCGGTTTCGGCCGTTGTCGTGTGTGGTTTTTACTACCGGCGTACACATATATCTTCTTAGAGGGACAGGTGGCATTTAGTCGCACGAAATTGA","Eukaryota","Animal","Arthropoda","Insecta","Siphonaptera",NA,NA,NA,0,0,0,0,0,0,0,0,0,0,0,0,0,0,0,0,0,0.000353498203943469,0,0,0,0,0,0,3.06933630717918e-05,0,0,0,0,0,0,0,0,0,0,0,0,0,0,0,0,0,0,0
"62","GTAACGAACGAGACTCTAGCCTGCTAAATAGACGATTTCCGGTATCCACAATAGTGCTACCGGCGAAATCAATATCTTCTTAGAGGGACAGGCGGCTTTCAGCCGCACGAAACTGA","Eukaryota","Animal","Arthropoda","Insecta","Hemiptera",NA,NA,NA,0,0,0,0.00582316990906883,0.0024309506568739,0,0.000239779402949287,7.02148574638394e-05,0.00355974700001032,0,0,0,0,0,0,0.000505800520367575,0,0,0,0,0,2.60552371026576e-05,0.00134259279117749,0,0.00778247272553654,0.000101933609607823,0.00367109614999823,0.00164072407721239,0,0,0.000198851846728455,0,0,0.000586948401899579,0,0,0.000768062828957371,0,0.000302082311894451,6.02925274825201e-05,4.41573638573276e-05,0,0,0
"63","GTAACGAACGAGACTCTAGCCTGCTAAATAGGCGTCGTCATTTAGGTGTGCGTGGCTCCGTCACGCAACTCACTGGCGACGTATTAAAATTCTTCTTAGAGGGACCGGCGGCTTCGAGCCGCACGAGATTGA","Eukaryota","Animal","Arthropoda","Insecta","Lepidoptera",NA,NA,NA,0,0,0,0,0,0,0,9.61638265265626e-05,0.00183146403623719,0,0,0,0,0,0,0,0,0,8.21992876061741e-05,0,0,0.000703491401771756,0,0,0.00991622985463851,0.000833855635557669,0.00330504584456398,0.0121813970613196,0,0,0.000966160603126297,0,0,0.0168538041116879,0.053694084680313,0.000911384714053046,0.000382692228007683,0,0,8.89561880889641e-06,2.33774279244675e-05,0,0,0
"64","GTAACGAACGAGACTCTAGCCTGCTAACTAGGCGTTGGAATCTTTCATGCTTCCAGCGTATAGTCTTCTTAGAGGGACAAGCTGCTTTTAGCAACACGAGATTGA","Eukaryota","Animal","Arthropoda","Insecta","Zygentoma",NA,NA,NA,0,0,0,0,0,0,0,0,0,0,0,0,0,0,0,0.000295387503894664,0,0,0,0,0,0,0,0,0,0,0,0,0,0,0,0,0,0,0,0,0,0,0,0,0,0,0,0
"65","GTAACGAACGAGACTCTAGCCTGCTAACTAGTCGCTTCCGGTATCCTGCGCGCTACCGGCGACTCCTGATCTTCTTAGAGGGACAGGCGGCTTCAAGTCGCACGAGATTGA","Eukaryota","Animal","Arthropoda","Insecta","Mantodea",NA,NA,NA,0,0,0,0,0,0,0,0,0,0,0,0,0,0,0,0,0,0,0,0,0,0,0,0,0,0,0,0,0,0,0,0,0,0,0,0,0,0,0.000232492669363792,0,0,0,0,0
"66","GTAACGAACGTAACTCTAGCCTATTAAATAGACGTGCAACCGGTATCACGAGGGCCCGCGTGCGCGTGTCCCGGCGGCGTTCACGCGTCGTCGGCGCGCGTTTCGCGGTCTTCACTACCGGCGTACAATGAAAATCTTCTTAGAGGGACCGGCGGTATATATAGCCGCACGAGATTGA","Eukaryota","Animal","Arthropoda","Insecta","Trichoptera",NA,NA,NA,0,0,0,0,0,0,0,0,0,0,0,0,0,0,0,0,0,0,0,0,0,0,0,0,0,0,0,0,0,0,0,0,0,0,0,0,2.30024970313387e-05,0,0,0,0,0,0,0
"67","TTAACGAAAGAGACCTCAGCCTGCTAACTAGCTATGCGGAGGTACCCTCCACGGCCAGCTTCTTAGAGGGACTGTGGCCGTTTAGGCCACGGAAGTTTGAG","Eukaryota","Plant","Streptophyta","Magnoliopsida","Chloranthales",NA,NA,NA,0,0,0,0,0,0,0,0,0,0,0,0,0,0,0,0,0,0,0,0,0,0,0,0,0,0,8.70987865020421e-05,0,0,0,0,0,0,0,0,0,0,0,0,0,0,0,0,0
"68","TTAACGAACGAGACCTCAGCCTGCTAAATAGCCACGCGAACATTCGTGTTTGCGGCCGGCTTCTTAGAGGGACTATTGGCGCTTAGCCGACTGGAAGTTTGAG","Eukaryota","Plant","Streptophyta","Zygnemophyceae","Desmidiales",NA,NA,NA,0,0,0,0,0,0,0,0,0,0,0,0,0,0,0,0,0,0,0,0,0,0,0,0,0,0,0,0,0,0,0,0,0,0,0,0,0.000104298993388673,0,0,0,0,0,0,0
"69","TTAACGAACGAGACCTCAGCCTGCTAAATAGCTATGCGGAGGAGACCCTCCGTGGCCAGCTTCTTAGAGGGACTATGGCCTTTTAGGCCAAGGAAGTTTGAG","Eukaryota","Plant","Streptophyta","Magnoliopsida","Fagales",NA,NA,NA,0.000243640530955883,0.00766283524904215,0,0.00310299236394053,0.00209475535326368,0.0126994225310757,0,0.120368109022304,0.00327599905073413,0.306887018819423,0,0,0,0,0.0011500791452315,0.00171972176924976,0,0.025294760371066,0,0.00879477522237359,0,0.055862428348098,0,0,0.0139234189223447,0.00990594689065395,0.0114052329892539,0.000151451453281144,0,0,0.000905640475861115,0,0,0.00187518580347138,0.0207429176776134,0.000593243938869714,0.0188522793820269,0,0,0.0010921843093145,0.0176545036939583,0,0.0271507156786989,0
"70","TTAACGAACGAGACCTCAGCCTGCTAAATAGCTATGTGGAGGTAACCTTCCACGGCCAGCTTCTTAGAGGGACTATGGCCGCTTAGGCCACGGAAGTTTGAG","Eukaryota","Plant","Streptophyta","Magnoliopsida","Fabales",NA,NA,NA,0,0.0178799489144317,0,0.000446898356763174,0.0222664735698769,0,0,0.000111427925975223,0,0,0,0.0047102898919725,0,0,0.0136649188761377,0.0037267382340683,0,0.00730920023709374,0,0,0,0.00125065138092757,0.0416589814310409,0.0109932128859574,7.27546383923953e-05,0.00101482005008295,0.00258471533997952,0.00604587238213117,0,0,0.012486599114677,0,0,0,0.00809042135119434,0.0116378764736163,0.00336955071239206,0,0.0476625788023623,0.00641670636748394,0.00127471919488138,0.106894041800977,0.0698200684402252,0.224643438126584
"71","TTAACGAACGAGACCTCAGCCTGCTAACTAGCTACACGGAGGTTCCCCTTCGTGGCCAGCTTCTTAGAGGGACTATGGCCGTTTAGGCCATGGAAGTTTGAG","Eukaryota","Plant","Streptophyta","Pinopsida","Araucariales",NA,NA,NA,0.00287856775462691,0,0,0,0,0,0,0.00107611901113058,0,0.000889825191179323,0,0,0,0,0,0,0,0,0,0,0,0.000294051961587136,0,0,0.0174224623125289,0.080461101199107,0.000342510092866139,3.65572473437243e-05,0,0,0,0,0,0,0.00898745856542391,0.00050210546746441,0.00105527893915005,0,0,0,0,0,0.000294366559958789,0
"72","TTAACGAACGAGACCTCAGCCTGCTAACTAGCTACGATGAGACACCCTCCACGGCCAGCTTCTTAGAGGGACTATGACCGTTTAGGCCACGGAAGTTTGAG","Eukaryota","Plant","Streptophyta","Magnoliopsida","Proteales",NA,NA,NA,0,0,0,0,0,0,0,0,0,0,0,0,0,0,0,0,0,0,0,0,0,0,0,0,0.000123910243512048,0,0.000383705464860348,0,0,0,0.000134008853230046,0,0,0,0,0,0,0,0,0,0,0,0,0
"73","TTAACGAACGAGACCTCAGCCTGCTAACTAGCTACGCGAAGGCATCCCTCCGCGGCCAGCTTCTTAGAGGGACTACGGCCGCTTAGGCCGAGGAAGTTTGAG","Eukaryota","Plant","Streptophyta","Magnoliopsida","Celastrales",NA,NA,NA,0,0,0,0,0,0,0,0,0,0,0,0,0,0,0.00159527107241789,0,0,0,0,0,0,0,0,0,0,0,4.4726403879427e-05,0,0,0,0,0,0,0,0,0,0,0,0,0,0,0,0,0
"74","TTAACGAACGAGACCTCAGCCTGCTAACTAGCTACGCGGAGGCACACCTCCACGGCCAGCTTCTTAGAGGGACTATGGCCTTTTAGGCCACGGAAGTTTGAG","Eukaryota","Plant","Streptophyta","Magnoliopsida","Cardiopteridales",NA,NA,NA,0,0,0,0,0,0,0,0,0,0,0,0,0,0,0,0,0,0,0,0,0,0,0,0,0,0,0,0,0,0,0.00436825632867617,0,0,0,0,0,0,0,0,0,0,0,0.00269529381462266,0
"75","TTAACGAACGAGACCTCAGCCTGCTAACTAGCTACGCGGAGGCATCCCTCCATGGCCAGCTTCTTAGAGGGACTATGGCCGTTTAGGCCACGGAAGTTTGAG","Eukaryota","Plant","Streptophyta","Magnoliopsida","Dioscoreales",NA,NA,NA,0,0,0,0,0,0,0,0,0,0,0,0,0,0,0,0,0,0,0,0,0,0.000275441077942381,0,0,5.57027700191777e-05,0,0,0,0,0,0,0,0,0,0,0,0,0,0.00025463482835082,0,0,0,0.000335761857452993,0
"76","TTAACGAACGAGACCTCAGCCTGCTAACTAGCTACGCGGAGGTGATCCTCCGTGGCTAGCTTCTTAGAGGGACTATGGCCGCTTAGGCCAAGGAAGTTTGAG","Eukaryota","Plant","Streptophyta","Magnoliopsida","Malvales",NA,NA,NA,0,0,0,0,0.00615496017378711,0,0.000629420932741877,0,0,0,0,0,0,0,0,0,0,0.00799477251140835,0,0,0.0107814309899314,0.000353606789250354,0.00353020404836766,0,0.000452442907502708,0,0.000509645602099787,0.00012359831244783,0,0.000642960670422719,1.72914649329091e-05,0.00426352625718636,0,0,0,0.0108370393498789,0.000103196133941965,0,0.00117986075745163,0.000973576058529218,0.000184421931404133,0,0.00657265334657983,0
"77","TTAACGAACGAGACCTCAGCCTGCTAACTAGCTACGCGGAGGTTTCCCTTCGTGGCCAGCTTCTTAGAGGGACTATGGCCGTTTAGGCCATGGAAGTTTGAG","Eukaryota","Plant","Streptophyta","Pinopsida","Cupressales",NA,NA,NA,0,0.0122117468107394,0,0,0,0,0,0.0037702325638192,0,0.00787533320911272,0,0,0,0,0,0,0,0.000342786137157303,0,0,0,0.00273579989577905,0,0,0.000335353411339947,0,0,0.000270697712473768,0,0,0,0,0,0,0,0,1.57551349529717e-05,0,0,0,0,0,0.000551937299922729,0
"78","TTAACGAACGAGACCTCAGCCTGCTAACTAGCTACGCGGATGCATCCTTTCGCGGCCAGCTTCTTAGAGGGACTATGGCCGTGTAGGTCACGGAAGTTTGAG","Eukaryota","Plant","Streptophyta","Magnoliopsida","Zingiberales",NA,NA,NA,0,0,0,0,0,0.0781785259861016,0,2.74753790075893e-05,0,0,0,0,0,0.321294206170053,0,0.00589561086540446,0,0.0425197637632205,0,0,0,0.00240080399017345,0.00783679562134594,0,0.000175065848631701,0.0384160678335914,0.0024234648838879,0.015455011519885,0,0.000850015801575799,0,0,0,0,0,0.000677631412393144,0.000411209022272562,0,0.00075757815391331,0.00327754133003339,0.00135199458163171,0.0793386711032547,0,0
"79","TTAACGAACGAGACCTCAGCCTGCTAACTAGCTACGCGGGGACTTGCTCCCTGTGGACAGCTTCTTAGAGGGACTGTCGGCGTCTAGCCGACGGAAGTTTGAG","Eukaryota","Plant","Streptophyta","Marchantiopsida","Marchantiales",NA,NA,NA,0,0,0,0,0,0,0,0,0,0,0,0,0,0,0,0.00367413497995007,0,0,0,0,0,0,0,0,0,0.000106772230317055,0,0,0,0,0,0,0,0,0,0,7.76728153181505e-05,0,0,0,0.000116887139622338,0,0,0
"80","TTAACGAACGAGACCTCAGCCTGCTAACTAGCTACGTGGAGGCACCCTCCACGGCCAGCTTCTTAGAGGGACTATGGCCGTTTAGGCCACGGAAGTTTGAG","Eukaryota","Plant","Streptophyta","Magnoliopsida","Piperales",NA,NA,NA,0.00485476317238019,0,0,0,0,0,0.00545498141709627,0,0,0.000182528244344476,0.405477160314228,0,0,0,0,0.00829512853402824,0.384957464235286,0.100672003656385,0.00033793040460316,0.00172289446269733,0,0.00393806297923025,0.172332293860533,0.00114711786636077,0.0307672545014091,0.00165642115612713,0.19859700333094,0.0731205875620059,0,0,0.000871057545995297,0.000227236575999273,0,0,0,0.00446831672306563,0.00283419122669008,0,0.11990453566311,0.190214028588542,0.0107523180992593,0,0.000648526327409206,0
"81","TTAACGAACGAGACCTCAGCCTGCTAACTAGCTACGTGGAGGCATCCCTTCACGGCCGGCTTCTTAGAGGGACTATGGCCGTTTAGGCCAAGGAAGTTTGAG","Eukaryota","Plant","Streptophyta","Magnoliopsida","Brassicales",NA,NA,NA,0,0.00111929054199492,0,0.000996667656026551,0.000517223544015724,0,0.00764296846900851,0.000416709914948438,0,0.00101531335916615,0,0,0,0.00373435888861021,0,0.00664014923138553,0,0.000310649936798806,0.000210064846104667,0,0,0,0,0.0224165949718,0.000339900576239472,3.80638162459594e-05,1.76551594260896e-05,0.00107669797533778,0,0,0,0.000738518871997637,0,0.000754647945299458,0.000879950791101391,0.00114513801571295,0.000866532422413444,0,0,0,4.09104988678182e-05,0,0,0.00512616804751636
"82","TTAACGAACGAGACCTCAGCCTGCTAACTAGCTACGTGGAGGTACGCCCTTCGCGGACAGCTTCTTAGAGGGACTATGGCCGCTCAGGCCATGGAAGTTTGAG","Eukaryota","Plant","Streptophyta","Gnetopsida","Gnetales",NA,NA,NA,0,0,0,0,0.00108616944243302,0,0,0,0,0,0,0,0,0,0,0,0,0,0,0,0,0.000133998362242239,0.000956543745790993,0,0,0,0,0.000110542152682214,0,0,0,0,0,0,0,0.00495101307161965,0,0,0,0,0,0,0,0
"83","TTAACGAACGAGACCTCAGCCTGCTAACTAGCTATGCGGAGCCATCCCTCCGCAGCTAGCTTCTTAGAGGGACTATCGCCGTTTAGGCGACGGAAGTTTGAG","Eukaryota","Plant","Streptophyta","Magnoliopsida","Poales",NA,NA,NA,0.0181647551412664,0.0018080847216841,0,0.280210328917191,0.00100858591083066,0.147376920818244,0.00377652559645126,0.00460823162355067,0.0220394770783248,0.0166138729071045,0.011298613131607,0.0104117411704798,0.00742149165848871,0.0139341749575008,0.00253512069647804,0.219165388677352,0,0.0379885595126724,0,0.00240403878515907,0,0.000964043772798332,0.0225366853828963,0.0409377688557499,0.0133300139029567,0.0301678323979204,0.00562493379315215,0.0311459043262021,0.658168718102672,0.00297505530551529,0.00460817540462028,0.00107653327879656,0.000975776352060108,0.0384489316776815,0.0630574445545569,0.2154336250327,0.105320398787674,0,0.16359892325844,0.0308608784522414,0.0187298653784838,0.0244878860351461,0.0109007616734739,0.0155109143873189
"84","TTAACGAACGAGACCTCAGCCTGCTAACTAGCTATGCGGAGGAATCCCTCCGCAGCTAGCTTCTTAGAGGGACTACGGCCTTTTAGGCCGCGGAAGTTTGAG","Eukaryota","Plant","Streptophyta","Magnoliopsida","Gentianales",NA,NA,NA,0.283687815266335,0.00345832077718943,0,0.0318410863171528,0.0450501706837695,0,0.00260760100707349,0.00021369739228125,0,0,0.0743865774415673,0,0,0.00331633363988518,0.0105733082706767,0.0812558419960102,0.0692481244566829,0.000610587806811446,0,0.0041269332478564,0.297959547358104,0.0627410109431996,0.319549952601756,0.0333859095688749,0.0254925432179604,0.0307081450437847,0.0192947352314591,0.0782838635439814,0.00339837886520564,0,0,0.0626519644601995,0,0.00106717891254469,0,0.00293162083020396,0.0092641769036969,0,0,0.00147864952645656,0.00313647157986606,0,0.0354849689075321,0.00851208716377256
"85","TTAACGAACGAGACCTCAGCCTGCTAACTAGCTATGCGGAGGATACCCTTCGCGGCCAGCTTCTTAGAGGGACTATGGCCGCTTAGGCCAAGGAAGTTTGAG","Eukaryota","Plant","Streptophyta","Magnoliopsida","Rosales",NA,NA,NA,0,0.15100377401811,0.0171365395245992,0.0120628828148188,0.151391331333402,0.0161250856415778,0.0833832873756144,0.016172313365856,0,0.027390644666943,0.065912617592862,0.00758374859055032,0,0.0072736393278154,0.831804016620499,0.113206249266589,0.188086970941013,0.123028087039113,0.00263951045757603,0.0302107540668323,0,0.0679818357775627,0.0255307102015605,0.0318086225026288,0.326056732702869,0.0641246273858836,0.0994880003766434,0.266068868631532,0,0.5788716585116,0.252518069580855,0.432101711091417,0.000487888176030054,0.00216484865116208,0.00663807538529884,0.0268799419414182,0.043696866792067,0,0.0115060147593305,0.0782942947454568,0.0333550440372299,0.539305396693356,0.126062479302351,0.185336511179208
"86","TTAACGAACGAGACCTCAGCCTGCTAACTAGCTATGCGGAGGATACCTCCGCGGCCAGCTTCTTAGAGGGACTATGGCCGCTTAGGCCACGGAAGTTTGAG","Eukaryota","Plant","Streptophyta","Magnoliopsida","Oxalidales",NA,NA,NA,0,0,0,0,0,0,0,0,0,0,0,0,0,0,0,0.00558808414902097,0,0,0,0,0,0,0,0,0,0,0,0,0,0,0,0,0,0,0,0,6.61715668024812e-05,0,0.00117986075745163,0,0,0,0,0
"87","TTAACGAACGAGACCTCAGCCTGCTAACTAGCTATGCGGAGGCATCCCTCCGTGGCCAGCTTCTTAGAGGGACTATGGCCTTCCAGGCCACGGAAGTTTGAG","Eukaryota","Plant","Streptophyta","Magnoliopsida","Pandanales",NA,NA,NA,0.000568494572230394,0.00074619369466328,0,0,0,0.00144367231085446,0,0,0,0,0,0,0,0,0,0,0,0,0,0.0659708309960734,0,0,0,0,0.00208714868888184,0.00145642483347887,0.00594272666282177,0.000167989255650924,0,0.341314037248128,0,0.157406776194696,0,0,0,0,0.000424758438332117,0,0,0.0005505399640617,0.00263840249047532,0,0,0
"88","TTAACGAACGAGACCTCAGCCTGCTAACTAGCTATGCGGAGGCGACCCTCGGCGGCCAGCTTCTTAGAGGGACTATGGCCGTTCAGGCCACGGAAGTTTGAG","Eukaryota","Plant","Streptophyta","Magnoliopsida","Magnoliales",NA,NA,NA,0,0,0,0,0,0,0,0,0,0,0,0,0.7198233562316,0,0,0.00134745258625922,0,0,0,0,0,0.0402739522072508,0.00202032333752268,0.328027913201415,0,5.06442300899629e-05,0.00396299478584292,0.0320650579737014,0,0,0,0,0,0.00384946679167905,0,0,0,0,0,7.61069609205582e-05,2.72736659118788e-05,0,0,0.000340483486550902
"89","TTAACGAACGAGACCTCAGCCTGCTAACTAGCTATGCGGAGGCGATCCTCTGCGGCCAGCTTCTTAGAGGGACTACGGCCTCCTAGGCCGCGGAAGTTTGAG","Eukaryota","Plant","Streptophyta","Magnoliopsida","Dilleniales",NA,NA,NA,0,0,0,0,0,0,0,0.000508294511640402,0,0,0,0,0,0,0,0,0,0,0,0,0,0,0,0,0,0,0,0.000810352316119222,0,0,0,0,0,0,0,0,2.26873943322793e-05,0,0,0,0.000579240714128473,0,0.0017799977922508,0
"90","TTAACGAACGAGACCTCAGCCTGCTAACTAGCTATGCGGAGGTACCCCTCCGCGGCCAGCTTCTTAGAGGGACTATGGCCGCTTAGGCCAAGGAAGTTTGAG","Eukaryota","Plant","Streptophyta","Magnoliopsida","Cucurbitales",NA,NA,NA,0.000541423402124185,0.0195732346061676,0,0,0.0072928519706217,0.066996182832534,0.00776285817048316,0.00071130703430759,0.00137230826377209,0.000665467557505904,0,0.0157221838286109,0,0,0.0178200435298773,0.0694727130735272,0.00136677235702908,0.0149826107449171,0,0,0,0.000253108017568674,0.00155277504922125,0.00348915017684734,0.00166426235322604,0.000156448736265172,0.000875695907534045,0.00623997395731332,0,0.000762834693721871,0.00170753216212478,0.00776580998477515,0,0.00176084520569874,0.0131394593855722,0.0105399954430764,0.00148586677741476,0,0.00272981188654358,0.000620716512442994,0.00109159600947305,0.0856296142248102,0.00432350884939471,0.0330647296939432
"91","TTAACGAACGAGACCTCAGCCTGCTAACTAGCTATGCGGAGGTACCCCTCCGCGGCCAGCTTCTTAGAGGGACTATGGCCGTTTAGGCCATGGAAGTTTGAG","Eukaryota","Plant","Streptophyta","Magnoliopsida","Nymphaeales",NA,NA,NA,0,0,0,0,0,0,0,0,0,0.000110277480958121,0,0,0,0,0,0,0,0,0,0,0,0,0,0,0,0,0,0,0,0,0,0,0,0,0,0,0,0,0,0,0,0,0,0
"92","TTAACGAACGAGACCTCAGCCTGCTAACTAGCTATGCGGAGGTACCCCTCCGTGGCCAGCTTCTTAGAGGGACTACGGCCTTTTAGGCCGCGGAAGTTTGAG","Eukaryota","Plant","Streptophyta","Magnoliopsida","Lamiales",NA,NA,NA,0.00688510093034588,0.000717493937176231,0,0.00061048001942743,0.0435243612289231,0,0.0175338688406666,0.0199135441407228,0,0.0435976316960296,0,0.000409195067835449,0,0.0452860686118775,0.0455579738820736,0.159464741657326,0,0.0114547700833399,0,0.0267449314848946,0,0.0112298071912454,0.000977990914979132,0.00258101519931173,0.000726409592699072,0.0121052612903569,0.00136886336083615,0.00387071616517957,0,0,0.134212027943007,0.0942548912672984,0,0,0,0.00103459042539725,0.00398258301341219,0,0.00355223493463318,0.00096171523345069,0.000529238993290029,0,0.00127865474482099,0
"93","TTAACGAACGAGACCTCAGCCTGCTAACTAGCTATGCGGAGGTATCCCTCCGCGGCCAGCTTCTTAGAGGGACTACGGCCTTTCAAGCCGCGGAAGTTTGAG","Eukaryota","Plant","Streptophyta","Magnoliopsida","Solanales",NA,NA,NA,0,0.00281257623373082,0.194472084024323,0.000551455708156823,0.0230164477086997,0.0543946363903298,0.00239779402949287,0.00133408229181295,0.00176955539275875,0.000235765648944949,0.306735525167297,0.00379187429527516,0,0.0135718864086057,0.0173748516026909,0.0362881525332513,0.00672833891934536,0.0713602182405073,0,0.00164275983652536,0,0.000219608427008114,0.0152360689912538,0.0706433419367173,0.00358998668817476,0.00324381132346921,0.00147950235990631,0.00476027585054353,0,0.00155836230288896,0.0200753907871075,0.00592519371918104,0,0.0149405047756256,0.0269709189078358,0.431719563547987,0.045684849720433,0.57560600230858,0.345355998469028,0.113555539301832,0.0105652986758635,0.145159613184985,0.00553317143172536,0.0177051413006469
"94","TTAACGAACGAGACCTCAGCCTGCTAACTAGCTATGCGGAGGTGACCCTCCGCGGCCAGCTTCTTAGAGGGACTATGGCCTTCCAGGCCAAGGAAGTTTGAG","Eukaryota","Plant","Streptophyta","Magnoliopsida","Malpighiales",NA,NA,NA,0,0.000530945513510411,0,0.033222255200885,0.111565118444192,0,0.00647404387963074,0.0266083781589054,0.0827047886335731,0.0520357603252045,0,0.0349452587931473,0,0,0,4.45104457923466e-05,0,0.00432053360375351,0,0.000641077009375751,0.294395437939945,0.108088290032011,0.0131299569769786,0.218836631297199,0.028069648924766,0.0204428499217918,0.0125539953625781,0.0216636506937608,0.0983968778144701,0,0.0149268571033338,0.0318330038402981,0,0,0,0.0302495337592088,0.00186808635137386,0,0.000855636286570148,0.000549551561971823,0.00157343077391625,0,0.0630312396511756,0.000983618961147051
"95","TTAACGAACGAGACCTCAGCCTGCTAACTAGCTATGCGGAGGTTCGCCTTCGTGGCCAGCTTCTTAGAGGGACTATGGCCCTTCAGGCCATGGAAGTTTGAG","Eukaryota","Plant","Streptophyta","Ginkgoopsida","Ginkgoales",NA,NA,NA,0,0,0,0,0,0,0,0,0,0.00182528244344476,0,0,0,0,0,0,0,0,0,0,0,0,0,0,0,0,0,0,0,0,0,0,0,0,0,0,0,0,0,0,0,0,0,0
"96","TTAACGAACGAGACCTCAGCCTGCTAACTAGCTATGCGGAGTCACACCTTCGCAGCTAGCTTCTTAGAGGGACTATGGCCTTCTAGGCCACGGAAGTTTGAG","Eukaryota","Plant","Streptophyta","Magnoliopsida","Caryophyllales",NA,NA,NA,0,0,0,0.0342256684924854,0,0,0.000659393358110538,0,0,0.00233484045890643,0,0,0,0,0,0.0396911784342844,0,0,0,0,0,0,0,0.000382372622120256,0.00298066659163845,0,9.4160850272478e-06,0,0,0,0,0.00252800690799191,0,0,0.000358814885691829,0.0419473253390267,0.000184492630299299,0,0,0.000130469075863814,6.55866727880895e-05,0,0,0
"97","TTAACGAACGAGACCTCAGCCTGCTAACTAGCTATGCGGAGTTTAACCTGCGCGGTCAGCTTCTTAGAGGGACTATGGCCGTTTAGGCCACGGAAGTTTGAG","Eukaryota","Plant","Streptophyta","Magnoliopsida","Asparagales",NA,NA,NA,0.364684756224113,0,0,0,0,0,0,0,0,0,0,0,0,0,0,0.00231454318120202,0.00425608892060158,0,0,0,0,0.000312662845231892,0.000205892824206133,0,0.000156877189033602,6.32246439339664e-05,9.4160850272478e-05,0.00399953694153365,0,0.000425007900787899,0.00855279084244017,0.00261890153839162,0,0.00285089223779795,0.0133872125209309,0.000498729968523472,3.34008861003e-05,0,0.0105855335785841,0.00146481189719828,0.000139615194548903,0,0,0
"98","TTAACGAACGAGACCTCAGCCTGCTAACTAGCTATGTGAAGGTGAGCCTTCGCAGCCAGCTTCTTAGAGGGACTATGGCCGCTTAGGCTAAGGAAGTTTGAG","Eukaryota","Plant","Streptophyta","Magnoliopsida","Vitales",NA,NA,NA,0,0,0,0,0,0,0,0.000276280200020759,0,0.00066927022926308,0,0,0,0,0,0,0,0.0074805933056724,0,0,0,0.0108948112856398,0.000892202238226577,0,0.0208339727783973,0,0.0339355704382011,0.00752382966759888,0,0,0.00183505671600498,0,0,0.000350644499836112,0,0.000103796592433819,2.70988321191113e-05,0,0,0.00116334925978567,3.18192768971919e-05,0,0.00556536777422085,0
"99","TTAACGAACGAGACCTCAGCCTGCTAACTAGCTATGTGGAGACGTACCTCCACGGCCAGCTTCTTAGAGGGACTATGATCTTTTAGGTCACGGAAGTTTGAG","Eukaryota","Plant","Streptophyta","Magnoliopsida","Apiales",NA,NA,NA,0.0171631218473366,0.000172198544922295,0,0.214641064731119,0,0,0,0.000143482534817411,0,0.000927851908751089,0,0,0,0.0999359027951955,0,0.102491371043123,0.31591033571346,0.000117832734647823,0,0,0,0.0139916623241271,0.00373609687257379,0,0.00411177386039522,0.101515230203832,0.000384882475488754,0.00185832673997265,0,0,0,0.000232917490399255,0,0,0,0.00301685217846263,0.0034127197821632,0,0.0190153698215026,0.000206576036784372,0.000675997290815853,0,0.0233101519667366,0
"100","TTAACGAACGAGACCTCAGCCTGCTAACTAGCTATGTGGAGGATACCTCCACGGCCAGCTTCTTAGAGGGACTATGGCCGATCAGGCCACGGAAGTTTGAG","Eukaryota","Plant","Streptophyta","Magnoliopsida","Gunnerales",NA,NA,NA,0,0,0,0,0,0,0,0,0,0,0,0,0,0,0,0,0,0,0,0,0,0,0,0,0,0.00140352258039126,0.00026011934887772,0.000103578867473886,0,0,0,0,0,0,0,0,0,0,0,0.000197680417975476,0.000152602654506941,0,0,0
"101","TTAACGAACGAGACCTCAGCCTGCTAACTAGCTATGTGGAGGTATCCCTTCACGGCCAGCTTCTTAGAGGGACTATGGCCTTTTAGGCCACGGAAGTTTGAG","Eukaryota","Plant","Streptophyta","Magnoliopsida","Asterales",NA,NA,NA,0,0,0,0,0.000387917658011793,0,0,0,0,0.00190894122210265,0,0,0,0,0,0.00205961971893677,0,0,0,0,0,0,0,0,0.000239862948449928,0,0.0114487823825049,4.00388899478885e-05,0,0,0,0,0,0.00353693582443382,0,0.00334933882414494,0,0,0.000877778445557176,3.55824752355856e-05,7.3379148762912e-05,0,0,0
"102","TTAACGAACGAGACCTCAGCCTGCTAACTAGCTATGTGGAGGTGACCCTCCACAGCTAGCTTCTTAGAGGGACTATGGCCCTTCAGGCCACGGAAGTTTGAG","Eukaryota","Plant","Streptophyta","Magnoliopsida","Ericales",NA,NA,NA,0.0164953663180502,0.10552900827988,0.00165837479270315,0.0960241223928119,0,0.00335225604384849,0.00230787675338688,0.515554117338185,0.452877204205661,0.000186330916101653,0,0.0634343287382243,0.000797350343473994,0,0,0.0142473890577139,0.000829108231286022,0.000789122253247542,0,0,0,0.000565770862800566,0,0,0.0201121103505978,0.0414656891792635,0.0127929285201445,0.00434770120195007,0.143116181326929,0,0.153345033891271,0.00946440339036971,0,0.00139495529282627,0.012840446980829,0.00757208799925739,0.0140795763507232,0,0,0.00585825918670322,0.00331310103529537,0,0,0.00274278364166005
"103","TTAACGAACGAGACCTCAGCCTGCTAACTAGCTATGTGGAGGTGACCCTCCACGGCCAGCTTCTTAGAGGGACTATGGCCCTACAGGCCACGGAAGTTTGAG","Eukaryota","Plant","Streptophyta","Magnoliopsida","Cornales",NA,NA,NA,0,0,0,0,0,0,0,0,0,0,0,0,0,0,0,0,0,0,0,0,0,0,0,0,0,0,0.000726215557726486,0,0,0,0,0,0,0,0,0,0,0,0,0.000326172689659535,0,0,0,0
"104","TTAACGAACGAGACCTCAGCCTGCTAACTAGCTATGTGGAGGTGACCCTCCACGGCCAGCTTCTTAGAGGGACTATGGCCGTTTAGGCCACGGAAGTTTGAG","Eukaryota","Plant","Streptophyta","Magnoliopsida","Ranunculales",NA,NA,NA,0.00343803860348857,0.0846786344655388,0,0.0318765009039152,0,0,0.00398633257403189,6.10563977946429e-05,0,0,0,0,0,0,0,0.0267264994962227,0.00402996849388721,0.000557027472880618,0,0.00136228864492347,0.0641539695268645,0.0528660760812923,0.152982657818994,0.0358952299015391,0.00633420070503792,0.0412276290403693,0.00334271018467297,0.00873195965124386,0,0,0,0.000951553161996955,0,0,0,0.00133500983114067,0.000502588804999798,0,0,0.00212605289532624,0,0,0.0564125915296022,0.00391556009533538
"105","TTAACGAACGAGACCTCAGCCTGCTAACTAGCTATGTGGAGGTGACCCTCCACGGCCAGCTTCTTAGAGGGACTATGGCGATTTAAGGCCACGGAAGTTTGAG","Eukaryota","Plant","Streptophyta","Magnoliopsida","Saxifragales",NA,NA,NA,0,0,0,0.00763100024284288,0,0,0,0,0,0,0,0,0,0.455145890811805,0,0.013490711479244,0,0,0,0,0,0,0,0,0,0.000383541334885133,0,0,0,0,0,0,0,0,0,0.000181433068075375,0.00123236665602145,0,0,0,0,0,0,0
"106","TTAACGAACGAGACCTCAGCCTGCTAACTAGCTGCGCGGAGGCATCCCTCCGCGGCCAGCTTCTTAGAGGGACTATGGCCGCTTAGGCCACGGAAGTTTGAG","Eukaryota","Plant","Streptophyta","Magnoliopsida","Arecales",NA,NA,NA,0,0,0,0,0,0,0,0,0,0,0,0,0,0,0,0,0,0.025448299995001,0,0,0,0.0598116578575151,0.0370349717540782,0,0,0,0,0.0429382278265063,0,0,0.00116717388297137,6.81709727997819e-05,0,0,0,0.000794930000590712,6.4596053307184e-06,0,0.00127159255896931,0,1.29874599580375e-05,0,0.0356689480075063,0.000226988991033935
"107","TTAACGAACGAGACCTCAGCCTGCTAACTAGTTACACGAAGAATCCTCTTCGTGGCCAACTTCTTAGAGGGACTATGGCCGTCTAGGCCATGGAAGTTTGAG","Eukaryota","Plant","Streptophyta","Polypodiopsida","Osmundales",NA,NA,NA,0,0,0,0,0,0,0,0,0,0,0,0,0,0,0,0,0,0,0,0,0,0,0,0,0,0,0,0,0,0,0,0,0,0,0,0,0,0,0,0,0.00785351703662529,0,0,0
"108","TTAACGAACGAGACCTCAGCCTGCTAACTAGTTACACGAAGAATCTTCTTGGTGGCCAACTTCTTAGAGGGACTATTCGCGTCCAGCGGATGGAAGTTTGAG","Eukaryota","Plant","Streptophyta","Lycopodiopsida","Lycopodiales",NA,NA,NA,0,0,0,0.106709209141685,0,0,0,0,0,0,0,0,0,0,0,0.00409900741705883,0,0,0,0,0,0,0,0,0,0,0,0,0,0,0,0,0,0,0,0,0.000123520258031298,0,0,0,6.62360457859913e-05,0,0,0
"109","TTAACGAACGAGACCTCAGCCTGCTAACTAGTTACACGAAGAATCTTCTTTGTGGCCAACTTCTTAGAGGGACTATCGGCGTCTAGCCAATGGAAGTTTGAG","Eukaryota","Plant","Streptophyta","Haplomitriopsida","Treubiales",NA,NA,NA,0,0.00177938496419705,0,0.000962939478157632,0,0,0,0.000572403729324777,0,0,0,0,0,0,0,0,0,0,0,0,0,0,0,0,0.000746871834746933,0.000168061425967329,0,3.74276579947653e-05,0,0,0,0,0,0,0.00418617366640467,0,0.00229993460043481,0,0,6.42461358420296e-05,0.000872757309180121,0,0,0
"110","TTAACGAACGAGACCTCAGCCTGCTAACTAGTTACACGAAGAATCTTCTTTGTGGGCAACTTCTTAGAGGGACTATTGGCGTCTAGCCAATGGAAGTTTGAG","Eukaryota","Plant","Streptophyta","Bryopsida","Buxbaumiales",NA,NA,NA,0,0.00309957380860132,0,0,0,0,0,0.00153556840453527,0,0.00136896183258357,0,0.00274615356636235,0,0,0,0,0,0,0.172052242213901,0,0,0,0,0,0.00214967220625031,0.000173545196104459,0.0177399041913348,0,0,0,0.0055311073454143,0,0,0.118975203335696,0,0.000184808567016312,0.00183484301662309,0,0,0.00906858917462495,0.00825612829532445,0,0,0
"111","TTAACGAACGAGACCTCAGCCTGCTAACTAGTTACACGAAGAGTCTTCTTTGTGGCCAACTTCTTAGAGGGACTATTGGCGTCTAGCCAATGGAAGTTTGAG","Eukaryota","Plant","Streptophyta","Polytrichopsida","Polytrichales",NA,NA,NA,0,0,0,0,0,0,0,0,0,0,0,0,0,0,0,0,0,0,0,0,0,0,0,0,0,2.45156782601094e-05,0,0,0,0,0,0,0,0,0,0,0.000188588965387071,0,0,0,0,0,0,0
"112","TTAACGAACGAGACCTCAGCCTGCTAACTAGTTACACGAAGATTTTTCTCCGTGGCCAATCTTCTTAGAGGGACTATTGGCGTATAGCCATGTGGAAGTTTGAG","Eukaryota","Plant","Streptophyta","Zygnemophyceae","Zygnematales",NA,NA,NA,0,0,0,0,0,0,0,0,0,0,0,0,0,0,0,0,0,0,0,0,0,0,0,0,0,0,0,0,0,0,0,0,0,0,0,0.000197466688044827,1.35494160595557e-05,0,0,0,0,0,0,0
"113","TTAACGAACGAGACCTCAGCCTGCTAACTAGTTACACGAAGGATCCCCTTCGTGGCCAACTTCTTAGAGGGACTATGGCCGCCTAGGCCATGGAAGTTTGAG","Eukaryota","Plant","Streptophyta","Polypodiopsida","Psilotales",NA,NA,NA,0,0,0,0,0,0,0,0,0,0,0,0,0,0,0,0,0,0,0,0,0,0.00144048239410407,0,0,0,0,0,0,0,0,0,0,0,0,0,0,0,0,0,0,0,0,0,0
"114","TTAACGAACGAGACCTCAGCCTGCTAACTAGTTACACGAAGGATCCTCTTCGTGGCCAACTTCTTAGAGGGACTATGGCCGTCTAGGCCATGGAAGTTTGAG","Eukaryota","Plant","Streptophyta","Polypodiopsida","Polypodiales",NA,NA,NA,0.00546837636145426,0.0136036850488613,0,0.000580124659345403,0,0.54783693843594,0.000539503656635895,0.000381602486216518,0,0.000471531297889897,0,0.00126395809842505,0.00895485770363101,0,0.000618322121092204,0.0208956310974253,0.000301493902285826,0.00546672474987324,0.00175358480226505,0,0,0.00217747338643639,0,0,0.00439483487539063,0.00239995587177913,0.00854038911971375,0.00983476994611288,0,0,0.00032637640060866,0,0.000341521723221038,0.00209624429249849,0.0505330964015993,0.0116150918557649,0.00842584617284927,0,0.00743185750571742,0.00568726562515444,0.00880419910555363,0,0.00367038304448615,0
"115","TTAACGAACGAGACCTCAGCCTGCTAACTAGTTACGCGAAGAATCCTCTTCGTGGCCAACTTCTTAGAGGGACAATTTGCGTCTAGCGAATGGAAGTTTGAG","Eukaryota","Plant","Streptophyta","Anthocerotopsida","Dendrocerotales",NA,NA,NA,0,0,0,0,0,0,0,0,0,0,0,0,0,0,0,0,0,0,0,0,0,0,0,0,1.36414946985741e-05,0,0,0,0,0,0,0,0,0,0,2.86917409979663e-05,1.22890052633179e-05,0,0,0,5.38979588258557e-05,0,0,0
"116","TTAACGAACGAGACCTCAGCCTGCTAACTAGTTACGCGAAGAATCTTCTTGGCGGCCAACTTCTTAGAGGGACTATTGGCGTCTAGCCAATGGAAGTTTGAG","Eukaryota","Plant","Streptophyta","Jungermanniopsida","Metzgeriales",NA,NA,NA,0,0,0,0,0,0,0,0,0,0,0,0,0,0,0,0,0,0,0,0,0,0,0,0,0,0,0,0,0,0,0,0,0,0,0,0,0,0,0,3.85476815052178e-05,0,0,0,0
"117","TTAACGAACGAGACCTCAGCCTGCTAACTAGTTACGCGAAGAATCTTCTTTGTGGCCAACTTCTTAGAGGGACTATCGGCGTCTAGCCGATGGAAGTTTGAG","Eukaryota","Plant","Streptophyta","Jungermanniopsida","Porellales",NA,NA,NA,0.0508577049061984,0.0181812963680457,0.125815367606412,0.010528250721783,0,0.0278212782617207,0.130230188226831,0.0231846406525708,0.0557796877740747,0.025215516421838,0.0204393366307827,0,0,0,0.0161876731301939,0.0014445662861698,0.0117029883070615,0.00884816716537289,0.0567083751940817,0,0,0.0101801533536812,0.00230771540464374,0,0.060014619135152,0.00967530597018055,0.0640187850896294,0.0216105556440473,0.0522605824076854,0.00507829953249131,0.156189479872735,0.0116089485763629,0.000512282584831557,0.0529854330078438,0.204541571267471,0.016153450181855,0.049308688310966,0,0.000651612107332534,0.00957168583837254,0.0199656221934911,0,0.0118252566508445,0
"118","TTAACGAACGAGACCTCAGCCTGCTAACTAGTTACGCGAAGCTCAGCCTTCGCGGCGAACTTCTTAGAGGGACTGTGGCCGTCTAGGCCACGGAAGTTTGAG","Eukaryota","Plant","Streptophyta","Polypodiopsida","Ophioglossales",NA,NA,NA,0,0,0,0,0,0,0,0,0,0,0,0,0,0,0,0,0,0,0,0,0,0,0,0,0.000103448001464187,0,0,0,0,0,0,0,0,0,0,0,0,0,0,0,1.36368329559394e-05,0,0,0
"119","TTAACGAACGAGACCTCAGCCTGCTAACTAGTTACGCGAAGGATCCTCTTCGTGGCCAACTTCTTAGAGGGACTGTGGCCGTCTAGGCCACGGAAGTTTGAG","Eukaryota","Plant","Streptophyta","Polypodiopsida","Gleicheniales",NA,NA,NA,0,0,0,0.0883121745230836,0,0.00056278751101106,0,0.000155693814376339,0,0.000148304198529887,0,0.00173680573236824,0,0,0,0.00350418600510656,0.000864282519886035,0.00129973077005477,0,0,0,0.000591826099903223,0,0,0,0.000423218024700836,9.4160850272478e-05,0.00033858974325497,0,0,0.00044525522202241,0.0004061853795987,0,0.0192092204258044,0.000743259406075932,0.00156369988438916,0.00147247491270474,0,0.000526667067334305,0.000287625008154317,2.46761739202713e-05,0,0,0
"120","TTAACGAACGAGACCTCAGCCTGCTAACTAGTTACGCGAAGGATTCGTTCCTTGGCGGCCAACTTCTTAGAGGGACTATCGGCGTCTAGCCGCTGGAAGTTTGAG","Eukaryota","Plant","Streptophyta","Bryopsida","Bryales",NA,NA,NA,0,0,0,0,0,0,0,0,0,0,0,0,0,0,0,0,0,0,0,0,0,0,0,0,0,0,0,0,0,0,0,0,0,0,0,0,0,0,0,0,2.077993593286e-05,0,0,0
"121","TTAACGAACGAGACCTCAGCCTGCTAACTAGTTACGCGAAGGATTCTCTCCTTTGCGGCCAACTTCTTAGAGGGACTATCGGCGTCTAGCCGATGGAAGTTTGAG","Eukaryota","Plant","Streptophyta","Bryopsida","Pseudoditrichales",NA,NA,NA,0.124175457277182,0,0,0.00130022125684682,0,0,0,0.0012821843536875,0,0,0,0,0.0268032384690873,0,0,0.000651471070233437,0,0.0003749223375158,0.0232349986300119,0,0,0.0030745179781136,0.000677730546345188,0,0.00813715158769946,0.0012186872692986,0.00140181965843152,0.00106103058361905,0,0,0.00611253285378337,0.000292567091599064,0,0.00545023516049609,0.0023237535454328,0.00147593691192479,0.0118302157334874,0,0,0.000171981963638664,0.000278581016099905,0,0.000413952974942047,0
"122","TTAACGAACGAGACCTCAGCCTGCTAACTAGTTACGCGAAGGATTTCCTCCTTTGCGGCCAACTTCTTAGAGGGACTATCGGCGTCTAGCCGATGGAAGTTTGAG","Eukaryota","Plant","Streptophyta","Bryopsida","Funariales",NA,NA,NA,0.00395239083550655,0,0.603980099502488,0.0128824775370335,0,0,0.0176237861167726,0.00172789605758839,0.00226998359420948,0.00139177786312663,0.00807390165842304,0.000427381515294802,0.236199705593719,0,0,0.01239818235525,0,0.0111476908354698,0.00367156817974244,0,0,0.00831534281247674,0.0108308204400101,0,0.0380086146039021,0.0139155505850376,0.0841480208566283,0.0340635208284917,0,0,0.0020447157283165,0.000105096916399664,0.000951381943258605,0.00519868584539627,0.0299610429552677,0.00289364646711842,0.0479614667211374,0,0.00141867975795457,0.00274973461403887,0.0107458243692802,0,0.00197777532472311,0.000113494495516967
"123","TTAACGAACGAGACCTCAGCCTGCTAACTAGTTACGCGAAGGATTTCTCTCCTTGGCGGCCAACTTCTTAGAGGGACTATCGGCGTCTAGCCGATGGAAGTTTGAG","Eukaryota","Plant","Streptophyta","Bryopsida","Dicranales",NA,NA,NA,0,0,0,0,0,0,0,0,0,0,0,0,0,0,0,0,0,0,0,0,0,0,0,0,0,0,0,0,0,0,0,0,0.000585465811236065,0,0,0,3.7339669838543e-05,0,0,0,3.89623798741126e-05,0,0,0
"124","TTAACGAACGAGACCTCAGCCTGCTAACTAGTTACGCGAAGGATTTCTTCCTTTGCGGCCAACTTCTTAGAGGGACTATCGGCGTCTAGCCGATGGAAGTTTGAG","Eukaryota","Plant","Streptophyta","Bryopsida","Hypnales",NA,NA,NA,0,0,0,0,0,0,0,0,0,0,0,0,0,0,0,0,0,0,0,0,0,0,0,0,0.00687645011930624,2.74188506856487e-05,0,0,0,0,0,0,0,0,0,0,0.000161017479219371,0,0,0,0.000194811899370563,0,0,0
"125","TTAACGAACGAGACCTCAGCCTGCTAACTAGTTACGCGAGGGATTCGCTCCCTTGCGGCCAACTTCTTAGAGGGACTATCGGCGTCTAGCCGATGGAAGTTTGAG","Eukaryota","Plant","Streptophyta","Bryopsida","Orthotrichales",NA,NA,NA,0,0,0,0,0,0,0,0,0,0,0,0,0,0,0,0,0,0,0,0,0,0,0,0,0,0,0,0,0,0,0,0,0,0,0,0,1.08710431175505e-05,0,0,0,0,0,0,0
"126","TTAACGAACGAGACCTCAGCCTGCTAACTAGTTACGCGGGGGATTCTCTCCCCTGCGGCCAACTTCTTAGAGGGACTATCGGCGTCTAGCCGATGGAAGTTTGAG","Eukaryota","Plant","Streptophyta","Bryopsida","Grimmiales",NA,NA,NA,0,0,0,0,0,0,0,0,0,0,0,0,0,0,0,0.00158619043187272,0,0,0,0,0,0,0,0,0,0,0,0,0,0,0,0,0,0,0.00511738372689061,0.00210040421599818,0.000688184294745804,0,0,3.75592794153404e-05,0,0,0,0
"127","TTAACGAACGAGACCTCGGCCTGCTAACTAGCTATGCGGAGGCGACCCTCCGCGGCCAGCTTCTTAGAGGGACTATGGCCGTTTAGGCCACGGAAGTTTGAG","Eukaryota","Plant","Streptophyta","Magnoliopsida","Alismatales",NA,NA,NA,0,0,0,0,0,0,0,3.66338386767857e-05,0,0,0,0,0,0,0.0207879897111199,0,0,0.0498432467560291,0,0.0122405641477683,0.159582999198075,0,0,0,0.000609320096536311,0.000510313197467014,0.000111816009698568,0.000349034671067463,0,0.000610267754977496,0.0488008369069028,0.102781943781671,0,0,0,0.00417549218993933,0,0,5.85185630371451e-05,0.00122561859144795,0.00012792648058667,0,0.00319663686205247,0
"128","TTAACGAACGAGACCTTAACCTGCTAAATAGGTGCGCGAGCCATTTCGGCTCGTAGTGCGTTCTTAGAGGGACAAACCACGGCTAGTGGTTGGAAGTTTGAG","Eukaryota","Fungi","Ascomycota","Pezizomycetes","Pezizales",NA,NA,NA,0,0,0,4.89058579099323e-05,0,0,0,0,0,0,0,0,0,0,0,0,0,0,0,0,0,0.00163775776073848,0,0.000334576044355224,0.000710494515550736,6.77406899292497e-06,0.000253057285107285,4.87429964582991e-05,0,0,0,0,0,0.000175322249918056,0,6.75099788187441e-05,8.79136530375821e-05,0,0,0.000113666240335899,0.000192863780376857,0,0.000183979099974243,0
"129","TTAACGAACGAGACCTTAGCCTATTAACTAGCTACATGGTGATTTTTTGCCGTGGTTTGCTTCTTAGAGGGACTATGGCTAATTAGGCCAAGGAAGTTTAAG","Eukaryota","Plant","Streptophyta","Magnoliopsida","Santalales",NA,NA,NA,0,0,0,0.000979803567092091,0,0,0,0.00236288259465268,0,0,0,0,0,0,0,0,0,0,0,0,0,0.0533090151120375,0.00390338479224127,0.00798202848676035,0.00556345625456848,0.00147255356917631,0.114441920410541,0.157742781466868,0,0,2.80986305159773e-05,6.53305155997909e-05,0,0.0169224084703515,0,4.21937367617151e-06,6.11299236175302e-05,0,0,0.10317632895603,0.00272411972619837,0,0,0
"130","TTAACGAACGAGACTTTGACCTGCTAACTAGCTATGCGGAGGTATCCCTTCGCAGCTAGCTTCTTAGAGGGACTACGGCCTTTTAGGCCGCGGAAGTTTGAG","Eukaryota","Plant","Streptophyta","Magnoliopsida","Boraginales",NA,NA,NA,0,0,0,0,0,0,0,0,0,0,0,0,0,0,0,0,0,0,0,0,0,0,0,0,0,0,0,0,0,0,0,0,0,0,0,0,3.30857834012406e-06,0,0,0,0,0,0,0
